{"cameraMode":{"drawMode":0,"name":"Shaded","section":"Shading Mode"},"sceneLighting":true,"audioPlay":false,"sceneViewState":{"showFog":true,"showMaterialUpdate":false,"showSkybox":true,"showFlares":true,"showImageEffects":true,"showParticleSystems":true},"in2DMode":false,"pivot":{"x":-0.20735812187194825,"y":0.25715094804763796,"z":-9.913934707641602},"rotation":{"x":-0.20744164288043977,"y":-0.5172695517539978,"z":0.13087792694568635,"w":-0.8199214935302734},"size":5.020829200744629,"orthographic":true}